Iteration,Objective,Score,MinOut,MaxOut,stdDevMinOutPos,stdDevMinOutNeg,StdDevMaxOutPos,StdDevMaxOutNeg,HyperplanePercentage
0,2.9885e+06,0,-0.00482732,4e-12,0.00274926,0.00274386,-nan,0,1.3384e-15
1,2.96568e+06,0,-0.0143227,-nan,0.0027164,0.00271189,-nan,-nan,1.34863e-15
2,2.94313e+06,0,-0.0237064,-nan,0.00268391,0.00267937,-nan,-nan,1.3589e-15
3,2.92085e+06,0,-0.0329782,-nan,0.00265181,0.00264724,-nan,-nan,1.3692e-15
4,2.89883e+06,0,-0.0421394,-nan,0.00262009,0.00261549,-nan,-nan,1.37954e-15
5,2.87708e+06,0,-0.0511913,-nan,0.00258875,0.00258412,-nan,-nan,1.3899e-15
6,2.85558e+06,0,-0.0601353,-nan,0.00255778,0.00255312,-nan,-nan,1.40029e-15
7,2.83435e+06,0,-0.0689725,-nan,0.00252718,0.0025225,-nan,-nan,1.41072e-15
8,2.81336e+06,0,-0.0777044,-nan,0.00249653,0.00249265,-nan,-nan,1.42117e-15
9,2.79263e+06,0,-0.0863321,-nan,0.00246667,0.00246275,-nan,-nan,1.43165e-15
10,2.77214e+06,0,-0.0948568,-nan,0.00243715,0.0024332,-nan,-nan,1.44216e-15
11,2.7519e+06,0,-0.10328,-nan,0.002408,0.00240401,-nan,-nan,1.4527e-15
12,2.7319e+06,0,-0.111603,-nan,0.00237918,0.00237516,-nan,-nan,1.46327e-15
13,2.71214e+06,0,-0.119826,-nan,0.00235072,0.00234666,-nan,-nan,1.47386e-15
14,2.69262e+06,0,-0.127951,-nan,0.00232259,0.00231849,-nan,-nan,1.48448e-15
15,2.67332e+06,0,-0.135979,-nan,0.0022948,0.00229067,-nan,-nan,1.49512e-15
16,2.65426e+06,0,-0.143912,-nan,0.00226733,0.00226317,-nan,-nan,1.50578e-15
17,2.63542e+06,0,-0.15175,-nan,0.0022402,0.002236,-nan,-nan,1.51647e-15
18,2.61681e+06,0,-0.159494,-nan,0.00221302,0.00220953,-nan,-nan,1.52718e-15
19,2.59842e+06,0,-0.167146,-nan,0.00218654,0.002183,-nan,-nan,1.53792e-15
20,2.58025e+06,0,-0.174707,-nan,0.00216037,0.00215679,-nan,-nan,1.54867e-15
21,2.5623e+06,0,-0.182178,-nan,0.00213451,0.00213089,-nan,-nan,1.55945e-15
22,2.54456e+06,0,-0.189559,-nan,0.00210896,0.00210531,-nan,-nan,1.57024e-15
23,2.52704e+06,0,-0.196853,-nan,0.00208337,0.00208037,-nan,-nan,1.58106e-15
24,2.50972e+06,0,-0.204059,-nan,0.00205844,0.00205538,-nan,-nan,1.59189e-15
25,2.49261e+06,0,-0.21118,-nan,0.00203379,0.00203069,-nan,-nan,1.60274e-15
26,2.4757e+06,0,-0.218215,-nan,0.00200945,0.0020063,-nan,-nan,1.61361e-15
27,2.45899e+06,0,-0.225167,-nan,0.00198506,0.00198253,-nan,-nan,1.6245e-15
28,2.44249e+06,0,-0.232036,-nan,0.0019613,0.00195871,-nan,-nan,1.6354e-15
29,2.42618e+06,0,-0.238822,-nan,0.00193781,0.00193517,-nan,-nan,1.64631e-15
30,2.41006e+06,0,-0.245528,-nan,0.00191429,0.00191224,-nan,-nan,1.65724e-15
31,2.39414e+06,0,-0.252154,-nan,0.00189137,0.00188926,-nan,-nan,1.66818e-15
32,2.37841e+06,0,-0.258701,-nan,0.00186873,0.00186655,-nan,-nan,1.67914e-15
33,2.36286e+06,0,-0.26517,-nan,0.00184635,0.00184412,-nan,-nan,1.6901e-15
34,2.3475e+06,0,-0.271561,-nan,0.00182424,0.00182195,-nan,-nan,1.70108e-15
35,2.33233e+06,0,-0.277876,-nan,0.00180239,0.00180004,-nan,-nan,1.71206e-15
36,2.31733e+06,0,-0.284116,-nan,0.00178051,0.0017787,-nan,-nan,1.72306e-15
37,2.30251e+06,0,-0.290282,-nan,0.00175918,0.00175731,-nan,-nan,1.73407e-15
38,2.28788e+06,0,-0.296374,-nan,0.00173783,0.00173647,-nan,-nan,1.74508e-15
39,2.27341e+06,0,-0.302393,-nan,0.00171701,0.00171558,-nan,-nan,1.7561e-15
40,2.25912e+06,0,-0.308341,-nan,0.00169644,0.00169495,-nan,-nan,1.76712e-15
41,2.245e+06,0,-0.314217,-nan,0.00167612,0.00167456,-nan,-nan,1.77815e-15
42,2.23104e+06,0,-0.320024,-nan,0.00165604,0.00165441,-nan,-nan,1.78919e-15
43,2.21725e+06,0,-0.325761,-nan,0.0016362,0.00163451,-nan,-nan,1.80023e-15
44,2.20363e+06,0,-0.33143,-nan,0.0016166,0.00161484,-nan,-nan,1.81127e-15
45,2.19017e+06,0,-0.337031,-nan,0.00159696,0.00159567,-nan,-nan,1.82231e-15
46,2.17687e+06,0,-0.342565,-nan,0.00157783,0.00157647,-nan,-nan,1.83336e-15
47,2.16373e+06,0,-0.348034,-nan,0.00155892,0.00155749,-nan,-nan,1.8444e-15
48,2.15075e+06,0,-0.353437,-nan,0.00154024,0.00153874,-nan,-nan,1.85545e-15
49,2.13792e+06,0,-0.358776,-nan,0.00152153,0.00152047,-nan,-nan,1.8665e-15
50,2.12524e+06,0,-0.364051,-nan,0.0015028,0.00150267,-nan,-nan,1.87754e-15
51,2.11271e+06,0,-0.369263,-nan,0.00148454,0.00148482,-nan,-nan,1.88858e-15
52,2.10034e+06,0,-0.374413,-nan,0.00146675,0.00146694,-nan,-nan,1.89962e-15
53,2.08811e+06,0,-0.379501,-nan,0.00144893,0.00144951,-nan,-nan,1.91065e-15
54,2.07603e+06,0,-0.384529,-nan,0.00143132,0.00143229,-nan,-nan,1.92168e-15
55,2.06409e+06,0,-0.389497,-nan,0.00141417,0.00141503,-nan,-nan,1.9327e-15
56,2.05229e+06,0,-0.394405,-nan,0.00139698,0.00139822,-nan,-nan,1.94371e-15
57,2.04064e+06,0,-0.399255,-nan,0.00138023,0.00138137,-nan,-nan,1.95472e-15
58,2.02912e+06,0,-0.404047,-nan,0.00136323,0.00136518,-nan,-nan,1.96572e-15
59,2.01774e+06,0,-0.408782,-nan,0.00134666,0.00134895,-nan,-nan,1.97671e-15
60,2.0065e+06,0,-0.413461,-nan,0.00133052,0.00133269,-nan,-nan,1.98769e-15
61,1.99539e+06,0,-0.418083,-nan,0.00131434,0.00131684,-nan,-nan,1.99866e-15
62,1.98442e+06,0,-0.422651,-nan,0.00129837,0.00130118,-nan,-nan,2.00962e-15
63,1.97357e+06,0,-0.427164,-nan,0.0012828,0.00128549,-nan,-nan,2.02057e-15
64,1.96285e+06,0,-0.431623,-nan,0.0012672,0.0012702,-nan,-nan,2.0315e-15
65,1.95227e+06,0,-0.436029,-nan,0.001252,0.00125487,-nan,-nan,2.04242e-15
66,1.9418e+06,0,-0.440383,-nan,0.00123678,0.00123994,-nan,-nan,2.05333e-15
67,1.93147e+06,0,-0.444684,-nan,0.00122194,0.00122498,-nan,-nan,2.06422e-15
68,1.92125e+06,0,-0.448934,-nan,0.00120728,0.0012102,-nan,-nan,2.07509e-15
69,1.91116e+06,0,-0.453134,-nan,0.0011928,0.00119559,-nan,-nan,2.08595e-15
70,1.90119e+06,0,-0.457283,-nan,0.00117829,0.00118136,-nan,-nan,2.09679e-15
71,1.89134e+06,0,-0.461383,-nan,0.00116416,0.00116709,-nan,-nan,2.10761e-15
72,1.8816e+06,0,-0.465434,-nan,0.00115019,0.001153,-nan,-nan,2.11841e-15
73,1.87198e+06,0,-0.469437,-nan,0.00113638,0.00113908,-nan,-nan,2.12919e-15
74,1.86248e+06,0,-0.473392,-nan,0.00112256,0.00112551,-nan,-nan,2.13996e-15
75,1.85309e+06,0,-0.4773,-nan,0.00110909,0.00111191,-nan,-nan,2.1507e-15
76,1.84381e+06,0,-0.481161,-nan,0.00109578,0.00109848,-nan,-nan,2.16142e-15
77,1.83464e+06,0,-0.484976,-nan,0.00108262,0.0010852,-nan,-nan,2.17212e-15
78,1.82558e+06,0,-0.488746,-nan,0.00106945,0.00107227,-nan,-nan,2.18279e-15
79,1.81663e+06,0,-0.492471,-nan,0.00105661,0.0010593,-nan,-nan,2.19344e-15
80,1.80779e+06,0,-0.496151,-nan,0.00104393,0.0010465,-nan,-nan,2.20406e-15
81,1.79905e+06,0,-0.499787,-nan,0.00103139,0.00103384,-nan,-nan,2.21466e-15
82,1.79041e+06,0,-0.50338,-nan,0.00101884,0.00102151,-nan,-nan,2.22524e-15
83,1.78188e+06,0,-0.50693,-nan,0.0010066,0.00100915,-nan,-nan,2.23578e-15
84,1.77345e+06,0,-0.510438,-nan,0.000994516,0.000996946,-nan,-nan,2.2463e-15
85,1.76512e+06,0,-0.513904,-nan,0.000982571,0.000984883,-nan,-nan,2.25679e-15
86,1.75689e+06,0,-0.517328,-nan,0.00097061,0.000973127,-nan,-nan,2.26726e-15
87,1.74876e+06,0,-0.520712,-nan,0.000958951,0.000961348,-nan,-nan,2.27769e-15
88,1.74073e+06,0,-0.524056,-nan,0.000947431,0.00094971,-nan,-nan,2.28809e-15
89,1.73279e+06,0,-0.527359,-nan,0.000936049,0.00093821,-nan,-nan,2.29846e-15
90,1.72495e+06,0,-0.530623,-nan,0.000924498,0.00092716,-nan,-nan,2.30881e-15
91,1.7172e+06,0,-0.533848,-nan,0.000913239,0.000916084,-nan,-nan,2.31912e-15
92,1.70954e+06,0,-0.537035,-nan,0.000902117,0.000905138,-nan,-nan,2.32939e-15
93,1.70197e+06,0,-0.540184,-nan,0.000891129,0.000894321,-nan,-nan,2.33964e-15
94,1.6945e+06,0,-0.543295,-nan,0.000880275,0.000883631,-nan,-nan,2.34985e-15
95,1.68711e+06,0,-0.546369,-nan,0.000869552,0.000873067,-nan,-nan,2.36002e-15
96,1.67981e+06,0,-0.549406,-nan,0.000858958,0.000862627,-nan,-nan,2.37016e-15
97,1.6726e+06,0,-0.552407,-nan,0.000848493,0.00085231,-nan,-nan,2.38027e-15
98,1.66547e+06,0,-0.555372,-nan,0.000838017,0.000842257,-nan,-nan,2.39034e-15
99,1.65843e+06,0,-0.558302,-nan,0.00082767,0.00083232,-nan,-nan,2.40037e-15
100,1.65147e+06,0,-0.561197,-nan,0.000817584,0.00082236,-nan,-nan,2.41037e-15
101,1.6446e+06,0,-0.564058,-nan,0.000807356,0.000812792,-nan,-nan,2.42032e-15
102,1.63781e+06,0,-0.566884,-nan,0.000797647,0.000802925,-nan,-nan,2.43025e-15
103,1.6311e+06,0,-0.569677,-nan,0.000787924,0.00079331,-nan,-nan,2.44013e-15
104,1.62447e+06,0,-0.572436,-nan,0.00077832,0.000783809,-nan,-nan,2.44997e-15
105,1.61791e+06,0,-0.575162,-nan,0.000768832,0.000774419,-nan,-nan,2.45977e-15
106,1.61144e+06,0,-0.577856,-nan,0.00075921,0.0007654,-nan,-nan,2.46954e-15
107,1.60504e+06,0,-0.580518,-nan,0.000750076,0.000756098,-nan,-nan,2.47926e-15
108,1.59872e+06,0,-0.583148,-nan,0.00074093,0.000747034,-nan,-nan,2.48894e-15
109,1.59248e+06,0,-0.585746,-nan,0.000731656,0.000738328,-nan,-nan,2.49858e-15
110,1.58631e+06,0,-0.588314,-nan,0.000722851,0.00072935,-nan,-nan,2.50818e-15
111,1.58021e+06,0,-0.590851,-nan,0.000714035,0.0007206,-nan,-nan,2.51774e-15
112,1.57419e+06,0,-0.593358,-nan,0.000705326,0.000711954,-nan,-nan,2.52725e-15
113,1.56824e+06,0,-0.595835,-nan,0.000696722,0.00070341,-nan,-nan,2.53672e-15
114,1.56235e+06,0,-0.598282,-nan,0.000688335,0.000694848,-nan,-nan,2.54615e-15
115,1.55654e+06,0,-0.6007,-nan,0.000680048,0.000686387,-nan,-nan,2.55553e-15
116,1.5508e+06,0,-0.603089,-nan,0.00067164,0.000678259,-nan,-nan,2.56487e-15
117,1.54513e+06,0,-0.60545,-nan,0.000663553,0.000669997,-nan,-nan,2.57416e-15
118,1.53952e+06,0,-0.607782,-nan,0.000655455,0.000661946,-nan,-nan,2.58341e-15
119,1.53398e+06,0,-0.610087,-nan,0.000647561,0.000653878,-nan,-nan,2.59261e-15
120,1.52851e+06,0,-0.612364,-nan,0.000639658,0.000646017,-nan,-nan,2.60177e-15
121,1.5231e+06,0,-0.614615,-nan,0.000631849,0.000638248,-nan,-nan,2.61088e-15
122,1.51776e+06,0,-0.616838,-nan,0.000624238,0.000630463,-nan,-nan,2.61995e-15
123,1.51248e+06,0,-0.619035,-nan,0.000616616,0.000622877,-nan,-nan,2.62896e-15
124,1.50727e+06,0,-0.621205,-nan,0.000609187,0.000615276,-nan,-nan,2.63794e-15
125,1.50211e+06,0,-0.62335,-nan,0.000601748,0.000607868,-nan,-nan,2.64686e-15
126,1.49702e+06,0,-0.625469,-nan,0.000594496,0.000600446,-nan,-nan,2.65574e-15
127,1.49199e+06,0,-0.627563,-nan,0.000587331,0.000593112,-nan,-nan,2.66456e-15
128,1.48702e+06,0,-0.629631,-nan,0.000580157,0.000585965,-nan,-nan,2.67334e-15
129,1.4821e+06,0,-0.631676,-nan,0.000573163,0.000578804,-nan,-nan,2.68208e-15
130,1.47725e+06,0,-0.633695,-nan,0.000566161,0.000571826,-nan,-nan,2.69076e-15
131,1.47246e+06,0,-0.635691,-nan,0.000559335,0.000564833,-nan,-nan,2.69939e-15
132,1.46772e+06,0,-0.637663,-nan,0.000552591,0.000557924,-nan,-nan,2.70798e-15
133,1.46303e+06,0,-0.639611,-nan,0.000545838,0.000551191,-nan,-nan,2.71651e-15
134,1.45841e+06,0,-0.641536,-nan,0.000539255,0.000544445,-nan,-nan,2.725e-15
135,1.45384e+06,0,-0.643438,-nan,0.000532664,0.000537871,-nan,-nan,2.73344e-15
136,1.44932e+06,0,-0.645318,-nan,0.000526238,0.000531283,-nan,-nan,2.74182e-15
137,1.44486e+06,0,-0.647175,-nan,0.00051989,0.000524774,-nan,-nan,2.75016e-15
138,1.44045e+06,0,-0.64901,-nan,0.000513534,0.000518432,-nan,-nan,2.75845e-15
139,1.43609e+06,0,-0.650823,-nan,0.000507337,0.000512076,-nan,-nan,2.76668e-15
140,1.43179e+06,0,-0.652614,-nan,0.000501133,0.000505883,-nan,-nan,2.77487e-15
141,1.42753e+06,0,-0.654384,-nan,0.000495085,0.000499677,-nan,-nan,2.783e-15
142,1.42333e+06,0,-0.656133,-nan,0.00048903,0.000493629,-nan,-nan,2.79109e-15
143,1.41918e+06,0,-0.657861,-nan,0.000483127,0.000487569,-nan,-nan,2.79912e-15
144,1.41508e+06,0,-0.659568,-nan,0.000477295,0.000481582,-nan,-nan,2.8071e-15
145,1.41102e+06,0,-0.661255,-nan,0.000471455,0.000475747,-nan,-nan,2.81503e-15
146,1.40702e+06,0,-0.662922,-nan,0.000465763,0.000469901,-nan,-nan,2.82291e-15
147,1.40306e+06,0,-0.664569,-nan,0.000460064,0.000464204,-nan,-nan,2.83074e-15
148,1.39915e+06,0,-0.666197,-nan,0.000454507,0.000458495,-nan,-nan,2.83851e-15
149,1.39528e+06,0,-0.667805,-nan,0.000449018,0.000452855,-nan,-nan,2.84624e-15
150,1.39146e+06,0,-0.669394,-nan,0.000443522,0.000447358,-nan,-nan,2.85391e-15
151,1.38769e+06,0,-0.670963,-nan,0.000438164,0.00044185,-nan,-nan,2.86153e-15
152,1.38396e+06,0,-0.672514,-nan,0.0004328,0.000436483,-nan,-nan,2.8691e-15
153,1.38028e+06,0,-0.674047,-nan,0.00042757,0.000431105,-nan,-nan,2.87662e-15
154,1.37664e+06,0,-0.675561,-nan,0.000422403,0.000425791,-nan,-nan,2.88408e-15
155,1.37305e+06,0,-0.677058,-nan,0.000417231,0.000420613,-nan,-nan,2.8915e-15
156,1.36949e+06,0,-0.678536,-nan,0.000412188,0.000415424,-nan,-nan,2.89886e-15
157,1.36598e+06,0,-0.679997,-nan,0.000407139,0.000410368,-nan,-nan,2.90617e-15
158,1.36251e+06,0,-0.68144,-nan,0.000402218,0.000405302,-nan,-nan,2.91343e-15
159,1.35909e+06,0,-0.682866,-nan,0.000397355,0.000400296,-nan,-nan,2.92063e-15
160,1.3557e+06,0,-0.684276,-nan,0.000392487,0.000395418,-nan,-nan,2.92779e-15
161,1.35236e+06,0,-0.685668,-nan,0.00038774,0.00039053,-nan,-nan,2.93489e-15
162,1.34905e+06,0,-0.687044,-nan,0.000383051,0.0003857,-nan,-nan,2.94194e-15
163,1.34578e+06,0,-0.688403,-nan,0.000378357,0.000380993,-nan,-nan,2.94894e-15
164,1.34255e+06,0,-0.689746,-nan,0.000373781,0.000376278,-nan,-nan,2.95589e-15
165,1.33937e+06,0,-0.691073,-nan,0.000369199,0.000371682,-nan,-nan,2.96279e-15
166,1.33621e+06,0,-0.692384,-nan,0.000364733,0.000367077,-nan,-nan,2.96963e-15
167,1.3331e+06,0,-0.69368,-nan,0.00036032,0.000362527,-nan,-nan,2.97642e-15
168,1.33002e+06,0,-0.69496,-nan,0.000355902,0.000358093,-nan,-nan,2.98316e-15
169,1.32699e+06,0,-0.696225,-nan,0.000351595,0.000353651,-nan,-nan,2.98985e-15
170,1.32398e+06,0,-0.697475,-nan,0.000347284,0.000349321,-nan,-nan,2.99649e-15
171,1.32101e+06,0,-0.69871,-nan,0.000343081,0.000344983,-nan,-nan,3.00308e-15
172,1.31808e+06,0,-0.69993,-nan,0.000338928,0.000340697,-nan,-nan,3.00962e-15
173,1.31518e+06,0,-0.701135,-nan,0.000334771,0.00033652,-nan,-nan,3.0161e-15
174,1.31232e+06,0,-0.702327,-nan,0.000330718,0.000332335,-nan,-nan,3.02254e-15
175,1.30949e+06,0,-0.703504,-nan,0.000326714,0.0003282,-nan,-nan,3.02892e-15
176,1.3067e+06,0,-0.704667,-nan,0.000322706,0.00032417,-nan,-nan,3.03525e-15
177,1.30394e+06,0,-0.705816,-nan,0.000318798,0.000320132,-nan,-nan,3.04153e-15
178,1.30121e+06,0,-0.706951,-nan,0.000314886,0.000316197,-nan,-nan,3.04776e-15
179,1.29851e+06,0,-0.708073,-nan,0.000311072,0.000312254,-nan,-nan,3.05395e-15
180,1.29585e+06,0,-0.709181,-nan,0.000307305,0.000308359,-nan,-nan,3.06008e-15
181,1.29322e+06,0,-0.710277,-nan,0.000303533,0.000304562,-nan,-nan,3.06616e-15
182,1.29062e+06,0,-0.711359,-nan,0.000299856,0.000300759,-nan,-nan,3.07219e-15
183,1.28805e+06,0,-0.712428,-nan,0.000296224,0.000297,-nan,-nan,3.07817e-15
184,1.28551e+06,0,-0.713485,-nan,0.000292588,0.000293337,-nan,-nan,3.0841e-15
185,1.283e+06,0,-0.714528,-nan,0.000289043,0.000289668,-nan,-nan,3.08998e-15
186,1.28052e+06,0,-0.71556,-nan,0.00028554,0.000286042,-nan,-nan,3.09582e-15
187,1.27807e+06,0,-0.716579,-nan,0.000281989,0.000282556,-nan,-nan,3.1016e-15
188,1.27565e+06,0,-0.717586,-nan,0.000278572,0.000279015,-nan,-nan,3.10733e-15
189,1.27326e+06,0,-0.718581,-nan,0.000275107,0.000275612,-nan,-nan,3.11302e-15
190,1.2709e+06,0,-0.719564,-nan,0.000271729,0.0002722,-nan,-nan,3.11866e-15
191,1.26856e+06,0,-0.720536,-nan,0.000268392,0.000268829,-nan,-nan,3.12425e-15
192,1.26626e+06,0,-0.721495,-nan,0.000265096,0.000265498,-nan,-nan,3.12979e-15
193,1.26398e+06,0,-0.722444,-nan,0.000261799,0.000262251,-nan,-nan,3.13528e-15
194,1.26173e+06,0,-0.723381,-nan,0.000258625,0.000258952,-nan,-nan,3.14072e-15
195,1.2595e+06,0,-0.724307,-nan,0.000255449,0.000255737,-nan,-nan,3.14612e-15
196,1.2573e+06,0,-0.725221,-nan,0.000252271,0.000252603,-nan,-nan,3.15147e-15
197,1.25513e+06,0,-0.726125,-nan,0.000249213,0.00024942,-nan,-nan,3.15677e-15
198,1.25298e+06,0,-0.727018,-nan,0.000246113,0.000246359,-nan,-nan,3.16203e-15
199,1.25086e+06,0,-0.727901,-nan,0.00024309,0.000243292,-nan,-nan,3.16724e-15
200,1.24877e+06,0,-0.728773,-nan,0.000240104,0.000240261,-nan,-nan,3.1724e-15
201,1.2467e+06,0,-0.729634,-nan,0.000237155,0.000237266,-nan,-nan,3.17752e-15
202,1.24465e+06,0,-0.730486,-nan,0.000234242,0.000234306,-nan,-nan,3.18259e-15
203,1.24263e+06,0,-0.731327,-nan,0.000231328,0.000231421,-nan,-nan,3.18761e-15
204,1.24063e+06,0,-0.732158,-nan,0.000228487,0.00022853,-nan,-nan,3.19259e-15
205,1.23866e+06,0,-0.732979,-nan,0.000225645,0.000225712,-nan,-nan,3.19752e-15
206,1.23671e+06,0,-0.73379,-nan,0.000222838,0.000222927,-nan,-nan,3.20241e-15
207,1.23478e+06,0,-0.734592,-nan,0.000220136,0.000220097,-nan,-nan,3.20725e-15
208,1.23288e+06,0,-0.735384,-nan,0.000217398,0.000217377,-nan,-nan,3.21205e-15
209,1.231e+06,0,-0.736167,-nan,0.000214728,0.000214651,-nan,-nan,3.2168e-15
210,1.22914e+06,0,-0.73694,-nan,0.000212057,0.000211994,-nan,-nan,3.22151e-15
211,1.2273e+06,0,-0.737704,-nan,0.000209487,0.000209295,-nan,-nan,3.22618e-15
212,1.22549e+06,0,-0.738459,-nan,0.000206882,0.0002067,-nan,-nan,3.2308e-15
213,1.2237e+06,0,-0.739205,-nan,0.000204342,0.0002041,-nan,-nan,3.23538e-15
214,1.22193e+06,0,-0.739943,-nan,0.000201833,0.000201531,-nan,-nan,3.23991e-15
215,1.22018e+06,0,-0.740671,-nan,0.000199323,0.000199026,-nan,-nan,3.2444e-15
216,1.21845e+06,0,-0.74139,-nan,0.000196814,0.000196585,-nan,-nan,3.24885e-15
217,1.21674e+06,0,-0.742102,-nan,0.000194367,0.000194137,-nan,-nan,3.25326e-15
218,1.21505e+06,0,-0.742804,-nan,0.00019189,0.000191785,-nan,-nan,3.25762e-15
219,1.21338e+06,0,-0.743498,-nan,0.000189445,0.00018946,-nan,-nan,3.26194e-15
220,1.21173e+06,0,-0.744184,-nan,0.000187061,0.000187128,-nan,-nan,3.26622e-15
221,1.2101e+06,0,-0.744862,-nan,0.000184708,0.000184823,-nan,-nan,3.27046e-15
222,1.2085e+06,0,-0.745531,-nan,0.000182384,0.000182544,-nan,-nan,3.27466e-15
223,1.20691e+06,0,-0.746193,-nan,0.000180062,0.000180323,-nan,-nan,3.27882e-15
224,1.20533e+06,0,-0.746847,-nan,0.000177798,0.000178096,-nan,-nan,3.28293e-15
225,1.20378e+06,0,-0.747493,-nan,0.000175562,0.000175894,-nan,-nan,3.28701e-15
226,1.20225e+06,0,-0.748131,-nan,0.000173328,0.000173748,-nan,-nan,3.29104e-15
227,1.20073e+06,0,-0.748762,-nan,0.00017115,0.000171596,-nan,-nan,3.29504e-15
228,1.19924e+06,0,-0.749385,-nan,0.00016908,0.000169379,-nan,-nan,3.299e-15
229,1.19776e+06,0,-0.750001,-nan,0.000166824,0.000167425,-nan,-nan,3.30291e-15
230,1.19629e+06,0,-0.750609,-nan,0.000164807,0.000165257,-nan,-nan,3.30679e-15
231,1.19485e+06,0,-0.75121,-nan,0.000162636,0.000163318,-nan,-nan,3.31063e-15
232,1.19342e+06,0,-0.751804,-nan,0.00016062,0.000161257,-nan,-nan,3.31443e-15
233,1.19201e+06,0,-0.752391,-nan,0.000158629,0.000159219,-nan,-nan,3.31819e-15
234,1.19062e+06,0,-0.752971,-nan,0.00015664,0.000157233,-nan,-nan,3.32191e-15
235,1.18924e+06,0,-0.753543,-nan,0.000154675,0.00015527,-nan,-nan,3.3256e-15
236,1.18788e+06,0,-0.754109,-nan,0.000152784,0.000153275,-nan,-nan,3.32925e-15
237,1.18654e+06,0,-0.754669,-nan,0.000150846,0.000151384,-nan,-nan,3.33286e-15
238,1.18521e+06,0,-0.755221,-nan,0.000149026,0.000149408,-nan,-nan,3.33644e-15
239,1.1839e+06,0,-0.755768,-nan,0.00014716,0.000147534,-nan,-nan,3.33997e-15
240,1.1826e+06,0,-0.756307,-nan,0.00014534,0.000145656,-nan,-nan,3.34347e-15
241,1.18132e+06,0,-0.75684,-nan,0.000143567,0.000143774,-nan,-nan,3.34694e-15
242,1.18005e+06,0,-0.757367,-nan,0.000141793,0.000141939,-nan,-nan,3.35037e-15
243,1.1788e+06,0,-0.757887,-nan,0.000140042,0.000140126,-nan,-nan,3.35376e-15
244,1.17757e+06,0,-0.758402,-nan,0.000138335,0.000138309,-nan,-nan,3.35712e-15
245,1.17635e+06,0,-0.75891,-nan,0.000136671,0.000136489,-nan,-nan,3.36045e-15
246,1.17514e+06,0,-0.759412,-nan,0.000134985,0.000134739,-nan,-nan,3.36373e-15
247,1.17395e+06,0,-0.759908,-nan,0.000133363,0.000132961,-nan,-nan,3.36699e-15
248,1.17277e+06,0,-0.760398,-nan,0.00013174,0.000131229,-nan,-nan,3.37021e-15
249,1.17161e+06,0,-0.760882,-nan,0.000130159,0.000129494,-nan,-nan,3.37339e-15
250,1.17046e+06,0,-0.761361,-nan,0.000128577,0.000127802,-nan,-nan,3.37655e-15
251,1.16932e+06,0,-0.761834,-nan,0.000127035,0.000126108,-nan,-nan,3.37967e-15
252,1.1682e+06,0,-0.762301,-nan,0.000125513,0.000124434,-nan,-nan,3.38275e-15
253,1.16709e+06,0,-0.762763,-nan,0.00012399,0.000122802,-nan,-nan,3.3858e-15
254,1.16599e+06,0,-0.763219,-nan,0.000122506,0.000121168,-nan,-nan,3.38882e-15
255,1.16491e+06,0,-0.763669,-nan,0.000121022,0.000119574,-nan,-nan,3.39181e-15
256,1.16384e+06,0,-0.764115,-nan,0.000119576,0.000117979,-nan,-nan,3.39477e-15
257,1.16278e+06,0,-0.764555,-nan,0.000118129,0.000116423,-nan,-nan,3.39769e-15
258,1.16174e+06,0,-0.764989,-nan,0.000116719,0.000114865,-nan,-nan,3.40058e-15
259,1.1607e+06,0,-0.765419,-nan,0.000115345,0.000113306,-nan,-nan,3.40344e-15
260,1.15968e+06,0,-0.765843,-nan,0.000113971,0.000111785,-nan,-nan,3.40627e-15
261,1.15868e+06,0,-0.766263,-nan,0.000112649,0.000110243,-nan,-nan,3.40907e-15
262,1.15768e+06,0,-0.766677,-nan,0.00011131,0.00010876,-nan,-nan,3.41184e-15
263,1.1567e+06,0,-0.767086,-nan,0.000110004,0.000107275,-nan,-nan,3.41458e-15
264,1.15572e+06,0,-0.767491,-nan,0.000108766,0.000105751,-nan,-nan,3.41729e-15
265,1.15476e+06,0,-0.767891,-nan,0.000107509,0.000104284,-nan,-nan,3.41997e-15
266,1.15381e+06,0,-0.768286,-nan,0.000106269,0.000102836,-nan,-nan,3.42261e-15
267,1.15288e+06,0,-0.768676,-nan,0.000105044,0.000101405,-nan,-nan,3.42523e-15
268,1.15195e+06,0,-0.769061,-nan,0.000103802,0.000100028,-nan,-nan,3.42782e-15
269,1.15103e+06,0,-0.769442,-nan,0.00010264,9.8597e-05,-nan,-nan,3.43039e-15
270,1.15013e+06,0,-0.769819,-nan,0.000101525,9.71499e-05,-nan,-nan,3.43292e-15
271,1.14924e+06,0,-0.770191,-nan,0.000100376,9.57733e-05,-nan,-nan,3.43543e-15
272,1.14835e+06,0,-0.770558,-nan,9.92879e-05,9.43638e-05,-nan,-nan,3.4379e-15
273,1.14748e+06,0,-0.770921,-nan,9.82136e-05,9.29732e-05,-nan,-nan,3.44035e-15
274,1.14662e+06,0,-0.77128,-nan,9.71832e-05,9.15688e-05,-nan,-nan,3.44277e-15
275,1.14577e+06,0,-0.771635,-nan,9.61655e-05,9.0184e-05,-nan,-nan,3.44517e-15
276,1.14492e+06,0,-0.771985,-nan,9.51453e-05,8.8834e-05,-nan,-nan,3.44753e-15
277,1.14409e+06,0,-0.772331,-nan,9.41377e-05,8.75024e-05,-nan,-nan,3.44988e-15
278,1.14327e+06,0,-0.772673,-nan,9.31574e-05,8.6174e-05,-nan,-nan,3.45219e-15
279,1.14246e+06,0,-0.773011,-nan,9.21305e-05,8.49234e-05,-nan,-nan,3.45448e-15
280,1.14166e+06,0,-0.773345,-nan,9.11749e-05,8.36306e-05,-nan,-nan,3.45674e-15
281,1.14086e+06,0,-0.773675,-nan,9.02022e-05,8.23845e-05,-nan,-nan,3.45898e-15
282,1.14008e+06,0,-0.774001,-nan,8.91846e-05,8.12115e-05,-nan,-nan,3.46119e-15
283,1.13931e+06,0,-0.774323,-nan,8.82086e-05,8.00255e-05,-nan,-nan,3.46337e-15
284,1.13854e+06,0,-0.774641,-nan,8.7245e-05,7.8855e-05,-nan,-nan,3.46553e-15
285,1.13779e+06,0,-0.774955,-nan,8.62661e-05,7.77266e-05,-nan,-nan,3.46767e-15
286,1.13704e+06,0,-0.775266,-nan,8.53138e-05,7.65992e-05,-nan,-nan,3.46978e-15
287,1.1363e+06,0,-0.775573,-nan,8.43875e-05,7.54732e-05,-nan,-nan,3.47186e-15
288,1.13557e+06,0,-0.775876,-nan,8.34732e-05,7.43619e-05,-nan,-nan,3.47392e-15
289,1.13485e+06,0,-0.776176,-nan,8.25709e-05,7.32652e-05,-nan,-nan,3.47596e-15
290,1.13414e+06,0,-0.776472,-nan,8.17464e-05,7.21209e-05,-nan,-nan,3.47797e-15
291,1.13344e+06,0,-0.776765,-nan,8.09194e-05,7.10051e-05,-nan,-nan,3.47997e-15
292,1.13274e+06,0,-0.777054,-nan,8.0116e-05,6.9893e-05,-nan,-nan,3.48193e-15
293,1.13206e+06,0,-0.777339,-nan,7.9362e-05,6.87618e-05,-nan,-nan,3.48388e-15
294,1.13138e+06,0,-0.777622,-nan,7.86306e-05,6.76362e-05,-nan,-nan,3.4858e-15
295,1.13071e+06,0,-0.7779,-nan,7.78959e-05,6.65391e-05,-nan,-nan,3.4877e-15
296,1.13005e+06,0,-0.778176,-nan,7.71325e-05,6.54915e-05,-nan,-nan,3.48957e-15
297,1.12939e+06,0,-0.778448,-nan,7.64298e-05,6.44159e-05,-nan,-nan,3.49143e-15
298,1.12875e+06,0,-0.778717,-nan,7.57112e-05,6.3378e-05,-nan,-nan,3.49326e-15
299,1.12811e+06,0,-0.778983,-nan,7.49894e-05,6.23658e-05,-nan,-nan,3.49507e-15
300,1.12748e+06,0,-0.779246,-nan,7.43271e-05,6.1328e-05,-nan,-nan,3.49686e-15
301,1.12685e+06,0,-0.779505,-nan,7.36489e-05,6.03263e-05,-nan,-nan,3.49862e-15
302,1.12624e+06,0,-0.779762,-nan,7.29303e-05,5.93788e-05,-nan,-nan,3.50037e-15
303,1.12563e+06,0,-0.780015,-nan,7.23072e-05,5.83779e-05,-nan,-nan,3.5021e-15
304,1.12503e+06,0,-0.780265,-nan,7.16438e-05,5.74305e-05,-nan,-nan,3.5038e-15
305,1.12443e+06,0,-0.780513,-nan,7.10136e-05,5.6479e-05,-nan,-nan,3.50548e-15
306,1.12384e+06,0,-0.780757,-nan,7.05014e-05,5.54618e-05,-nan,-nan,3.50715e-15
307,1.12326e+06,0,-0.780998,-nan,6.99607e-05,5.4489e-05,-nan,-nan,3.50879e-15
308,1.12269e+06,0,-0.781237,-nan,6.94281e-05,5.3533e-05,-nan,-nan,3.51041e-15
309,1.12212e+06,0,-0.781473,-nan,6.89035e-05,5.25935e-05,-nan,-nan,3.51202e-15
310,1.12156e+06,0,-0.781706,-nan,6.84353e-05,5.16378e-05,-nan,-nan,3.5136e-15
311,1.12101e+06,0,-0.781936,-nan,6.79872e-05,5.06917e-05,-nan,-nan,3.51517e-15
312,1.12047e+06,0,-0.782163,-nan,6.7486e-05,4.98019e-05,-nan,-nan,3.51671e-15
313,1.11993e+06,0,-0.782388,-nan,6.69802e-05,4.89351e-05,-nan,-nan,3.51824e-15
314,1.11939e+06,0,-0.78261,-nan,6.65186e-05,4.80611e-05,-nan,-nan,3.51975e-15
315,1.11886e+06,0,-0.782829,-nan,6.6028e-05,4.72245e-05,-nan,-nan,3.52124e-15
316,1.11834e+06,0,-0.783046,-nan,6.56058e-05,4.63674e-05,-nan,-nan,3.52271e-15
317,1.11783e+06,0,-0.78326,-nan,6.51057e-05,4.55741e-05,-nan,-nan,3.52416e-15
318,1.11732e+06,0,-0.783472,-nan,6.46494e-05,4.47743e-05,-nan,-nan,3.52559e-15
319,1.11682e+06,0,-0.783681,-nan,6.42247e-05,4.39758e-05,-nan,-nan,3.52701e-15
320,1.11632e+06,0,-0.783887,-nan,6.37951e-05,4.31983e-05,-nan,-nan,3.52841e-15
321,1.11583e+06,0,-0.784092,-nan,6.33969e-05,4.24226e-05,-nan,-nan,3.52979e-15
322,1.11535e+06,0,-0.784293,-nan,6.29815e-05,4.16736e-05,-nan,-nan,3.53116e-15
323,1.11487e+06,0,-0.784493,-nan,6.25975e-05,4.09267e-05,-nan,-nan,3.5325e-15
324,1.11439e+06,0,-0.784689,-nan,6.22451e-05,4.01824e-05,-nan,-nan,3.53383e-15
325,1.11393e+06,0,-0.784884,-nan,6.18628e-05,3.94697e-05,-nan,-nan,3.53515e-15
326,1.11346e+06,0,-0.785076,-nan,6.14379e-05,3.87927e-05,-nan,-nan,3.53644e-15
327,1.11301e+06,0,-0.785266,-nan,6.10073e-05,3.81336e-05,-nan,-nan,3.53772e-15
328,1.11256e+06,0,-0.785454,-nan,6.05587e-05,3.74971e-05,-nan,-nan,3.53899e-15
329,1.11211e+06,0,-0.785639,-nan,6.00921e-05,3.68824e-05,-nan,-nan,3.54024e-15
330,1.11167e+06,0,-0.785822,-nan,5.96322e-05,3.62787e-05,-nan,-nan,3.54147e-15
331,1.11124e+06,0,-0.786004,-nan,5.91421e-05,3.57009e-05,-nan,-nan,3.54269e-15
332,1.11081e+06,0,-0.786182,-nan,5.87075e-05,3.51137e-05,-nan,-nan,3.54389e-15
333,1.11038e+06,0,-0.786359,-nan,5.82791e-05,3.45374e-05,-nan,-nan,3.54507e-15
334,1.10996e+06,0,-0.786534,-nan,5.7845e-05,3.39765e-05,-nan,-nan,3.54624e-15
335,1.10955e+06,0,-0.786706,-nan,5.74534e-05,3.34124e-05,-nan,-nan,3.5474e-15
336,1.10914e+06,0,-0.786877,-nan,5.69833e-05,3.28909e-05,-nan,-nan,3.54854e-15
337,1.10873e+06,0,-0.787045,-nan,5.65798e-05,3.23568e-05,-nan,-nan,3.54966e-15
338,1.10833e+06,0,-0.787212,-nan,5.61703e-05,3.18376e-05,-nan,-nan,3.55077e-15
339,1.10794e+06,0,-0.787376,-nan,5.57189e-05,3.13456e-05,-nan,-nan,3.55187e-15
340,1.10755e+06,0,-0.787539,-nan,5.53572e-05,3.08338e-05,-nan,-nan,3.55295e-15
341,1.10716e+06,0,-0.787699,-nan,5.49297e-05,3.03573e-05,-nan,-nan,3.55402e-15
342,1.10678e+06,0,-0.787858,-nan,5.44727e-05,2.99023e-05,-nan,-nan,3.55507e-15
343,1.1064e+06,0,-0.788015,-nan,5.40573e-05,2.94446e-05,-nan,-nan,3.55611e-15
344,1.10603e+06,0,-0.78817,-nan,5.36359e-05,2.90001e-05,-nan,-nan,3.55714e-15
345,1.10566e+06,0,-0.788323,-nan,5.32672e-05,2.85496e-05,-nan,-nan,3.55815e-15
346,1.1053e+06,0,-0.788474,-nan,5.28224e-05,2.81352e-05,-nan,-nan,3.55915e-15
347,1.10494e+06,0,-0.788623,-nan,5.25113e-05,2.76889e-05,-nan,-nan,3.56014e-15
348,1.10459e+06,0,-0.788771,-nan,5.21707e-05,2.72636e-05,-nan,-nan,3.56111e-15
349,1.10424e+06,0,-0.788917,-nan,5.17772e-05,2.68659e-05,-nan,-nan,3.56207e-15
350,1.10389e+06,0,-0.789061,-nan,5.14703e-05,2.64527e-05,-nan,-nan,3.56301e-15
351,1.10355e+06,0,-0.789203,-nan,5.12152e-05,2.60357e-05,-nan,-nan,3.56395e-15
352,1.10321e+06,0,-0.789344,-nan,5.0872e-05,2.5656e-05,-nan,-nan,3.56487e-15
353,1.10287e+06,0,-0.789483,-nan,5.05107e-05,2.52921e-05,-nan,-nan,3.56578e-15
354,1.10254e+06,0,-0.78962,-nan,5.02705e-05,2.49048e-05,-nan,-nan,3.56667e-15
355,1.10222e+06,0,-0.789756,-nan,4.99189e-05,2.45595e-05,-nan,-nan,3.56756e-15
356,1.1019e+06,0,-0.78989,-nan,4.95955e-05,2.42168e-05,-nan,-nan,3.56843e-15
357,1.10158e+06,0,-0.790023,-nan,4.92537e-05,2.38895e-05,-nan,-nan,3.56929e-15
358,1.10126e+06,0,-0.790154,-nan,4.88706e-05,2.35831e-05,-nan,-nan,3.57014e-15
359,1.10095e+06,0,-0.790283,-nan,4.84926e-05,2.32853e-05,-nan,-nan,3.57098e-15
360,1.10064e+06,0,-0.790411,-nan,4.82109e-05,2.29722e-05,-nan,-nan,3.5718e-15
361,1.10034e+06,0,-0.790537,-nan,4.78197e-05,2.26974e-05,-nan,-nan,3.57262e-15
362,1.10004e+06,0,-0.790662,-nan,4.73772e-05,2.24451e-05,-nan,-nan,3.57342e-15
363,1.09974e+06,0,-0.790785,-nan,4.69854e-05,2.21893e-05,-nan,-nan,3.57421e-15
364,1.09945e+06,0,-0.790907,-nan,4.65655e-05,2.19501e-05,-nan,-nan,3.57499e-15
365,1.09916e+06,0,-0.791028,-nan,4.61293e-05,2.17242e-05,-nan,-nan,3.57576e-15
366,1.09888e+06,0,-0.791147,-nan,4.57209e-05,2.15006e-05,-nan,-nan,3.57652e-15
367,1.09859e+06,0,-0.791264,-nan,4.53394e-05,2.12792e-05,-nan,-nan,3.57727e-15
368,1.09832e+06,0,-0.79138,-nan,4.49097e-05,2.10792e-05,-nan,-nan,3.578e-15
369,1.09804e+06,0,-0.791495,-nan,4.44649e-05,2.08921e-05,-nan,-nan,3.57873e-15
370,1.09777e+06,0,-0.791608,-nan,4.4037e-05,2.07098e-05,-nan,-nan,3.57945e-15
371,1.0975e+06,0,-0.79172,-nan,4.35844e-05,2.05428e-05,-nan,-nan,3.58015e-15
372,1.09723e+06,0,-0.791831,-nan,4.31688e-05,2.03752e-05,-nan,-nan,3.58085e-15
373,1.09697e+06,0,-0.791941,-nan,4.27094e-05,2.02279e-05,-nan,-nan,3.58153e-15
374,1.09671e+06,0,-0.792049,-nan,4.22668e-05,2.00851e-05,-nan,-nan,3.58221e-15
375,1.09645e+06,0,-0.792155,-nan,4.18311e-05,1.99493e-05,-nan,-nan,3.58288e-15
376,1.0962e+06,0,-0.792261,-nan,4.1402e-05,1.98205e-05,-nan,-nan,3.58353e-15
377,1.09595e+06,0,-0.792365,-nan,4.09607e-05,1.97037e-05,-nan,-nan,3.58418e-15
378,1.0957e+06,0,-0.792468,-nan,4.05172e-05,1.95962e-05,-nan,-nan,3.58482e-15
379,1.09546e+06,0,-0.79257,-nan,4.01446e-05,1.94775e-05,-nan,-nan,3.58545e-15
380,1.09522e+06,0,-0.79267,-nan,3.97144e-05,1.93833e-05,-nan,-nan,3.58607e-15
381,1.09498e+06,0,-0.79277,-nan,3.93266e-05,1.92855e-05,-nan,-nan,3.58668e-15
382,1.09474e+06,0,-0.792868,-nan,3.89359e-05,1.91966e-05,-nan,-nan,3.58728e-15
383,1.09451e+06,0,-0.792965,-nan,3.85685e-05,1.9109e-05,-nan,-nan,3.58787e-15
384,1.09428e+06,0,-0.793061,-nan,3.82491e-05,1.90151e-05,-nan,-nan,3.58845e-15
385,1.09405e+06,0,-0.793155,-nan,3.78836e-05,1.89425e-05,-nan,-nan,3.58902e-15
386,1.09382e+06,0,-0.793249,-nan,3.75402e-05,1.88709e-05,-nan,-nan,3.58959e-15
387,1.0936e+06,0,-0.793342,-nan,3.72183e-05,1.88003e-05,-nan,-nan,3.59015e-15
388,1.09338e+06,0,-0.793433,-nan,3.68766e-05,1.8743e-05,-nan,-nan,3.5907e-15
389,1.09317e+06,0,-0.793523,-nan,3.6532e-05,1.8694e-05,-nan,-nan,3.59124e-15
390,1.09295e+06,0,-0.793612,-nan,3.61451e-05,1.86656e-05,-nan,-nan,3.59177e-15
391,1.09274e+06,0,-0.7937,-nan,3.58114e-05,1.86276e-05,-nan,-nan,3.59229e-15
392,1.09253e+06,0,-0.793788,-nan,3.54214e-05,1.86151e-05,-nan,-nan,3.59281e-15
393,1.09232e+06,0,-0.793874,-nan,3.50232e-05,1.86129e-05,-nan,-nan,3.59331e-15
394,1.09212e+06,0,-0.793959,-nan,3.46619e-05,1.86057e-05,-nan,-nan,3.59381e-15
395,1.09192e+06,0,-0.794043,-nan,3.42704e-05,1.86162e-05,-nan,-nan,3.59431e-15
396,1.09172e+06,0,-0.794126,-nan,3.39077e-05,1.8624e-05,-nan,-nan,3.59479e-15
397,1.09152e+06,0,-0.794208,-nan,3.35655e-05,1.86314e-05,-nan,-nan,3.59527e-15
398,1.09133e+06,0,-0.794289,-nan,3.3174e-05,1.86641e-05,-nan,-nan,3.59574e-15
399,1.09113e+06,0,-0.794369,-nan,3.28106e-05,1.86937e-05,-nan,-nan,3.5962e-15
400,1.09094e+06,0,-0.794448,-nan,3.24739e-05,1.87198e-05,-nan,-nan,3.59665e-15
401,1.09076e+06,0,-0.794526,-nan,3.21171e-05,1.87607e-05,-nan,-nan,3.5971e-15
402,1.09057e+06,0,-0.794603,-nan,3.17864e-05,1.87979e-05,-nan,-nan,3.59754e-15
403,1.09039e+06,0,-0.794679,-nan,3.14681e-05,1.88365e-05,-nan,-nan,3.59797e-15
404,1.09021e+06,0,-0.794755,-nan,3.11555e-05,1.88789e-05,-nan,-nan,3.59839e-15
405,1.09003e+06,0,-0.794829,-nan,3.0812e-05,1.89414e-05,-nan,-nan,3.59881e-15
406,1.08985e+06,0,-0.794903,-nan,3.04993e-05,1.89968e-05,-nan,-nan,3.59922e-15
407,1.08968e+06,0,-0.794976,-nan,3.02041e-05,1.90503e-05,-nan,-nan,3.59963e-15
408,1.0895e+06,0,-0.795047,-nan,2.98797e-05,1.91239e-05,-nan,-nan,3.60003e-15
409,1.08933e+06,0,-0.795118,-nan,2.95617e-05,1.92012e-05,-nan,-nan,3.60042e-15
410,1.08916e+06,0,-0.795189,-nan,2.9289e-05,1.92619e-05,-nan,-nan,3.6008e-15
411,1.089e+06,0,-0.795258,-nan,2.89775e-05,1.93487e-05,-nan,-nan,3.60118e-15
412,1.08883e+06,0,-0.795326,-nan,2.87045e-05,1.94213e-05,-nan,-nan,3.60155e-15
413,1.08867e+06,0,-0.795394,-nan,2.8426e-05,1.95028e-05,-nan,-nan,3.60192e-15
414,1.08851e+06,0,-0.795461,-nan,2.81529e-05,1.95871e-05,-nan,-nan,3.60227e-15
415,1.08835e+06,0,-0.795527,-nan,2.79106e-05,1.96593e-05,-nan,-nan,3.60263e-15
416,1.08819e+06,0,-0.795592,-nan,2.76375e-05,1.97551e-05,-nan,-nan,3.60297e-15
417,1.08804e+06,0,-0.795657,-nan,2.73846e-05,1.98445e-05,-nan,-nan,3.60331e-15
418,1.08789e+06,0,-0.795721,-nan,2.71219e-05,1.99456e-05,-nan,-nan,3.60365e-15
419,1.08773e+06,0,-0.795784,-nan,2.68981e-05,2.00275e-05,-nan,-nan,3.60398e-15
420,1.08758e+06,0,-0.795846,-nan,2.66263e-05,2.01462e-05,-nan,-nan,3.6043e-15
421,1.08744e+06,0,-0.795907,-nan,2.63881e-05,2.02485e-05,-nan,-nan,3.60462e-15
422,1.08729e+06,0,-0.795968,-nan,2.61821e-05,2.03336e-05,-nan,-nan,3.60493e-15
423,1.08715e+06,0,-0.796028,-nan,2.59707e-05,2.04271e-05,-nan,-nan,3.60523e-15
424,1.087e+06,0,-0.796087,-nan,2.575e-05,2.05323e-05,-nan,-nan,3.60553e-15
425,1.08686e+06,0,-0.796146,-nan,2.55292e-05,2.06428e-05,-nan,-nan,3.60583e-15
426,1.08672e+06,0,-0.796204,-nan,2.52997e-05,2.07654e-05,-nan,-nan,3.60611e-15
427,1.08659e+06,0,-0.796261,-nan,2.5109e-05,2.08629e-05,-nan,-nan,3.6064e-15
428,1.08645e+06,0,-0.796318,-nan,2.48882e-05,2.09896e-05,-nan,-nan,3.60668e-15
429,1.08632e+06,0,-0.796373,-nan,2.47009e-05,2.10938e-05,-nan,-nan,3.60695e-15
430,1.08618e+06,0,-0.796429,-nan,2.45213e-05,2.1196e-05,-nan,-nan,3.60722e-15
431,1.08605e+06,0,-0.796483,-nan,2.43451e-05,2.12996e-05,-nan,-nan,3.60748e-15
432,1.08592e+06,0,-0.796537,-nan,2.41762e-05,2.14009e-05,-nan,-nan,3.60773e-15
433,1.0858e+06,0,-0.79659,-nan,2.39948e-05,2.1518e-05,-nan,-nan,3.60799e-15
434,1.08567e+06,0,-0.796643,-nan,2.3813e-05,2.16401e-05,-nan,-nan,3.60823e-15
435,1.08554e+06,0,-0.796695,-nan,2.36387e-05,2.176e-05,-nan,-nan,3.60847e-15
436,1.08542e+06,0,-0.796746,-nan,2.3464e-05,2.1885e-05,-nan,-nan,3.60871e-15
437,1.0853e+06,0,-0.796797,-nan,2.33115e-05,2.19925e-05,-nan,-nan,3.60894e-15
438,1.08518e+06,0,-0.796847,-nan,2.31471e-05,2.21163e-05,-nan,-nan,3.60917e-15
439,1.08506e+06,0,-0.796897,-nan,2.29932e-05,2.22336e-05,-nan,-nan,3.60939e-15
440,1.08494e+06,0,-0.796946,-nan,2.28388e-05,2.23558e-05,-nan,-nan,3.60961e-15
441,1.08483e+06,0,-0.796994,-nan,2.26838e-05,2.24831e-05,-nan,-nan,3.60983e-15
442,1.08471e+06,0,-0.797042,-nan,2.2546e-05,2.25956e-05,-nan,-nan,3.61003e-15
443,1.0846e+06,0,-0.797089,-nan,2.24109e-05,2.27089e-05,-nan,-nan,3.61024e-15
444,1.08448e+06,0,-0.797136,-nan,2.22612e-05,2.28434e-05,-nan,-nan,3.61044e-15
445,1.08437e+06,0,-0.797182,-nan,2.21281e-05,2.29625e-05,-nan,-nan,3.61063e-15
446,1.08426e+06,0,-0.797227,-nan,2.20045e-05,2.30741e-05,-nan,-nan,3.61083e-15
447,1.08416e+06,0,-0.797272,-nan,2.18631e-05,2.32116e-05,-nan,-nan,3.61101e-15
448,1.08405e+06,0,-0.797317,-nan,2.17312e-05,2.33417e-05,-nan,-nan,3.6112e-15
449,1.08394e+06,0,-0.797361,-nan,2.1625e-05,2.34425e-05,-nan,-nan,3.61137e-15
450,1.08384e+06,0,-0.797404,-nan,2.15013e-05,2.35697e-05,-nan,-nan,3.61155e-15
451,1.08374e+06,0,-0.797447,-nan,2.13736e-05,2.37066e-05,-nan,-nan,3.61172e-15
452,1.08363e+06,0,-0.797489,-nan,2.12548e-05,2.38354e-05,-nan,-nan,3.61188e-15
453,1.08353e+06,0,-0.797531,-nan,2.11289e-05,2.39786e-05,-nan,-nan,3.61205e-15
454,1.08343e+06,0,-0.797573,-nan,2.10306e-05,2.40864e-05,-nan,-nan,3.6122e-15
455,1.08334e+06,0,-0.797613,-nan,2.09095e-05,2.42313e-05,-nan,-nan,3.61236e-15
456,1.08324e+06,0,-0.797654,-nan,2.08153e-05,2.43399e-05,-nan,-nan,3.61251e-15
457,1.08314e+06,0,-0.797694,-nan,2.07139e-05,2.44629e-05,-nan,-nan,3.61266e-15
458,1.08305e+06,0,-0.797733,-nan,2.06145e-05,2.45864e-05,-nan,-nan,3.6128e-15
459,1.08295e+06,0,-0.797772,-nan,2.05261e-05,2.4696e-05,-nan,-nan,3.61294e-15
460,1.08286e+06,0,-0.797811,-nan,2.04277e-05,2.48252e-05,-nan,-nan,3.61307e-15
461,1.08277e+06,0,-0.797849,-nan,2.03548e-05,2.4916e-05,-nan,-nan,3.6132e-15
